Country,wbi-2008,wbi-2009,wbi-2010,wbi-2011,wbi-2012,wbi-2013,wbi-2014,wbi-2015,wbi-2016,wbi-2017,wbi-2018,wbi-2019,gpi-2008,gpi-2009,gpi-2010,gpi-2011,gpi-2012,gpi-2013,gpi-2014,gpi-2015,gpi-2016,gpi-2017,gpi-2018,gpi-2019
Afghanistan,412.014286663,488.300250990,543.303041864,528.736648058,576.190125451,587.565090150,583.656192833,574.184114271,571.073774524,571.440690906,564.609991743,573.287551043,3.129,3.27,3.121,3.122,3.241,3.336,3.303,3.392,3.437,3.484,3.548,3.569
Albania,3775.581314292,3928.450391497,4094.350334420,4209.874800894,4276.607903884,4327.379959987,4413.296891279,4524.373085871,4681.826562993,4864.310616304,5074.857221944,5210.688290384,1.86,1.838,1.833,1.859,1.898,1.92,1.9,1.897,1.845,1.862,1.789,1.764
Algeria,4408.377571909,4402.440917821,4479.341719580,4523.248437379,4586.655184913,4621.590589059,4700.640562933,4775.873295087,4828.626059440,4792.387242212,4753.510987447,4699.763404566,2.322,2.337,2.373,2.516,2.449,2.384,2.278,2.263,2.247,2.235,2.232,2.24
Angola,3668.079892148,3565.056936386,3587.883798244,3579.959907386,3748.450654610,3796.882189364,3843.197877149,3748.320117715,3530.310671534,3409.930302600,3233.906234840,3111.157698743,2.047,2.038,2.038,2.091,2.123,2.078,2.059,1.956,2.024,1.956,2.031,2.019
Argentina,10201.475937092,9502.243585047,10385.964431955,10883.315359489,10649.837287457,10784.630699206,10398.694006946,10568.157808708,10239.481347993,10419.455405282,10049.555239252,9742.455416916,1.883,1.998,2.023,2.019,1.974,2.106,2.015,2.085,2.089,2.005,1.952,1.987
Armenia,3627.796702346,3137.346097743,3218.372706606,3370.551103358,3603.595848175,3705.357396377,3819.217787203,3923.716502112,3917.379675620,4198.794748698,4406.706433843,4732.069506100,2.269,2.292,2.309,2.267,2.267,2.271,2.21,2.212,2.15,2.219,2.277,2.169
Australia,51841.260997128,51767.402458871,52022.125596188,52567.761923866,53682.032143953,54129.935768947,54679.416445829,55079.892343368,55728.682255109,56058.465951437,56832.050482058,57183.379347624,1.374,1.408,1.419,1.474,1.53,1.484,1.419,1.391,1.423,1.43,1.44,1.453
Austria,48053.482356721,46123.491103197,46858.043273372,48065.316541190,48172.238115145,47901.366129632,47842.748908235,47789.385015439,48215.890528722,49031.107028615,50051.785912637,50536.664145998,1.326,1.361,1.374,1.406,1.39,1.29,1.262,1.233,1.216,1.266,1.248,1.256
Azerbaijan,5267.371988685,5642.504715485,5842.805783586,5676.450413341,5724.920831645,5981.580655671,6072.646128088,6063.717832038,5812.608670974,5764.692519559,5800.715184381,5879.426609594,2.312,2.371,2.391,2.391,2.404,2.468,2.427,2.444,2.447,2.466,2.467,2.405
Bahrain,21562.662471212,20796.201920581,20722.137289135,20516.588315731,20924.710430429,21805.117379257,22395.306034944,22353.359602030,22272.966896748,22167.078283371,21478.114425302,20912.986884152,1.862,1.87,1.809,2.225,2.087,2.207,2.288,2.168,2.282,2.329,2.309,2.262
Bangladesh,720.357100020,748.296160297,781.153593557,822.188302104,865.750045010,907.257539095,951.314947969,1002.388865678,1062.040059158,1127.271561968,1203.216425426,1287.821597110,2.134,2.103,2.174,2.18,2.191,2.126,2.049,2.049,2.063,2.013,2.088,2.142
Belarus,5560.146229103,5583.701854819,6029.396799829,6365.378053165,6478.704810900,6542.678412094,6649.649328343,6384.817144925,6215.701865501,6375.288929833,6586.297739609,6713.261553835,2.112,2.151,2.171,2.192,2.227,2.214,2.184,2.231,2.16,2.09,2.098,2.103
Belgium,44556.825223238,43306.596023102,44141.878141573,44309.632538269,44361.210093057,44355.377309877,44855.970201876,45507.231058204,45850.933030331,46409.130075944,47035.613954339,47541.096042559,1.488,1.498,1.508,1.495,1.497,1.474,1.435,1.413,1.399,1.47,1.536,1.531
Benin,1049.367869152,1043.961894350,1036.533951645,1037.747039955,1057.667740312,1102.527430027,1140.447753778,1128.996380300,1134.924536209,1166.760574840,1211.316562943,1259.808070646,2.174,2.174,2.174,2.222,2.178,2.084,2.061,1.947,1.973,2,1.937,1.938
Bhutan,1928.768679612,2038.561419673,2258.183141156,2411.028932052,2504.505891052,2526.433664955,2639.600882641,2780.819538883,2970.766506634,3072.020299292,3128.835496060,3262.198967599,1.911,1.936,1.985,1.966,1.785,1.713,1.694,1.672,1.598,1.62,1.533,1.51
Bolivia,1878.110253384,1909.084527417,1955.461543764,2024.117240305,2094.024152439,2201.396769931,2286.013172072,2361.056536588,2425.561575247,2490.956225814,2559.511190701,2579.899011903,2.035,2.114,2.151,2.079,2.156,2.198,2.132,2.103,2.043,2.04,2.061,2.072
Bosnia and Herzegovina,4676.500772262,4558.256419896,4635.517779318,4736.619933656,4770.931629125,4969.006859453,5113.673684109,5352.720455228,5591.585740005,5828.716536919,6096.919491503,6303.688664983,1.747,1.854,1.875,1.881,1.908,1.868,1.823,1.882,1.865,1.955,1.985,1.949
Botswana,6657.832510095,6029.198746141,6434.815723553,6728.204884372,6944.809149280,7646.414106453,7864.250980253,7613.698520273,7797.146476706,7859.168998926,8032.681936802,8092.967087241,1.833,1.795,1.773,1.794,1.779,1.756,1.857,1.751,1.714,1.717,1.763,1.76
Brazil,10710.872220560,10594.986592392,11286.243016246,11627.810650592,11745.775926290,11993.483984873,11951.209446350,11431.154480845,10965.974261439,11021.718262270,11079.709675038,11121.739915102,2.096,2.104,2.102,2.09,2.121,2.089,2.121,2.209,2.175,2.23,2.222,2.364
Bulgaria,6920.388953611,6730.058142660,6812.406338454,7017.663645999,7083.598787159,7146.558796017,7322.808629195,7663.722028875,8012.511208253,8353.968237868,8674.723202340,9058.735280297,1.681,1.711,1.687,1.629,1.671,1.696,1.597,1.668,1.623,1.617,1.621,1.599
Burkina Faso,616.353254306,615.690923528,647.835846453,670.264548171,692.445037916,711.035989724,720.152193971,726.712509173,747.885688771,771.647944055,800.311721098,822.203917045,1.849,1.788,1.792,1.749,1.766,1.899,1.819,1.891,2.04,2.069,2.073,2.166
Burundi,229.148545083,230.192598509,234.235646875,235.988766660,238.816045825,242.845994657,245.326738734,228.432544172,219.961497758,214.139246202,210.804225834,208.074726923,2.496,2.479,2.471,2.38,2.362,2.319,2.286,2.34,2.549,2.612,2.536,2.512
Cambodia,763.508498039,752.796480639,785.502282874,827.777013823,873.949283307,922.890205657,972.742728303,1024.621364522,1079.630539001,1135.844335925,1202.624860053,1268.971602290,2.069,2.194,2.177,2.171,2.206,2.193,2.166,2.087,2.082,1.975,2.051,2.001
Cameroon,1286.001079562,1278.596207991,1286.515571618,1303.425880277,1325.930225429,1360.108870140,1401.753174265,1441.783971398,1469.192636109,1481.731989960,1502.169095540,1518.312149495,2.014,2.075,2.171,2.097,2.083,2.018,2.064,2.289,2.407,2.481,2.548,2.579
Canada,48495.204039805,46540.643710510,47448.013219838,48464.496281860,48785.936081671,49397.523315339,50306.944624337,50262.027665796,50193.750409885,51167.711859695,51465.905583281,51583.104883730,1.39,1.437,1.517,1.473,1.442,1.334,1.323,1.338,1.333,1.33,1.34,1.338
Central African Republic,441.296784922,472.093180258,488.421401782,505.238458728,528.644927384,335.389155201,334.440498598,346.693797341,359.600040296,371.108792250,379.365008563,384.145561599,2.803,2.724,2.669,2.711,2.779,2.986,3.158,3.288,3.238,3.228,3.228,3.231
Chad,806.077947025,812.711318920,892.568720337,863.761254868,909.312343771,929.469055737,961.377884774,956.659691840,869.058685280,817.534137106,812.015817950,813.719894880,2.891,2.963,3.021,2.775,2.645,2.467,2.5,2.448,2.408,2.498,2.443,2.461
Chile,12553.794836374,12227.214530033,12808.034586422,13455.837812553,14035.679130826,14461.174377574,14561.326164308,14722.366327631,14777.148844894,14741.192495825,15111.695423142,15091.450506247,1.728,1.75,1.784,1.813,1.706,1.676,1.656,1.649,1.638,1.626,1.669,1.666
China,3796.679943537,4132.911932753,4550.453107757,4961.230446921,5325.358417288,5710.669904514,6103.748401689,6500.418322673,6908.109133806,7346.836564463,7807.057808803,8242.054643279,2.08,2.043,2.161,2.183,2.169,2.077,2.084,2.109,2.094,2.104,2.087,2.056
Cote d' Ivoire,1206.150737060,1217.207869722,1213.112645064,1132.548400540,1223.631935023,1299.811672674,1379.140682160,1463.710527020,1529.507453728,1600.765256517,1667.942705028,1727.283689134,2.53,2.408,2.279,2.422,2.464,2.544,2.359,2.16,2.193,2.219,2.238,2.223
Denmark,60504.776960970,57229.039866534,58041.398436339,58575.607802398,58487.793542473,58788.084161627,59437.947318035,60402.129643905,61877.976478900,63215.998067213,64271.878265795,65867.001719698,1.262,1.265,1.331,1.285,1.242,1.207,1.191,1.184,1.197,1.295,1.269,1.272
Djibouti,,,1343.268729944,,,,,,,,,,2.024,2.013,2.067,2.11,1.976,1.942,1.981,2.155,2.252,2.166,2.216,2.157
Finland,49440.855186975,45231.941100601,46459.973254854,47423.272628054,46538.548239310,45906.919797431,45550.632344439,45647.668592177,46796.337347277,48213.382734836,48880.18533577,49385.676404987,1.397,1.407,1.403,1.402,1.365,1.363,1.358,1.364,1.402,1.488,1.463,1.43
France,41456.483420051,40058.679760434,40638.33400426,41329.035361346,41258.274730566,41282.990800375,41480.769607512,41793.544711886,42140.036879658,43015.210642312,43720.026342930,44320.057725547,1.778,1.804,1.809,1.78,1.832,1.84,1.781,1.737,1.779,1.87,1.893,1.884
Hungary,13928.800324784,13015.779787694,13191.621264470,13485.315148055,13367.993124115,13654.286190150,14270.108138696,14850.425203005,15213.052817385,15912.014634444,16793.384151218,17570.166967294,1.406,1.541,1.527,1.578,1.546,1.527,1.495,1.512,1.488,1.487,1.521,1.503
Iceland,47889.384946307,44491.734511539,43024.923493066,43700.792983793,44032.425186231,45420.991021269,45853.963429492,47533.699243646,49985.103090530,51045.940046834,51592.654610090,51438.916222019,1.133,1.185,1.168,1.12,1.176,1.178,1.171,1.153,1.149,1.093,1.109,1.093
India,1192.511732334,1268.249210348,1357.563719133,1410.426304742,1469.177610078,1544.619247249,1640.180700241,1751.664428859,1875.732161108,1986.632909749,2086.450750486,2151.726035379,2.471,2.523,2.653,2.654,2.562,2.529,2.522,2.527,2.523,2.489,2.462,2.572
Tanzania,703.588494528,719.723078441,743.403784726,777.227218444,788.439151581,817.122634054,846.386841469,871.998368594,904.381892325,937.301491612,959.354688727,985.448173112,1.773,1.818,1.823,1.788,1.811,1.796,1.834,1.866,1.85,1.822,1.832,1.848
Thailand,4801.877465201,4744.762791190,5076.340174387,5094.472660592,5437.877690816,5558.737139902,5589.325590947,5741.353911484,5916.126072105,6135.471959908,6370.014975979,6501.556055908,2.42,2.494,2.46,2.427,2.486,2.456,2.42,2.409,2.264,2.241,2.22,2.226
Timor-Leste,693.979783094,749.915121137,806.409101592,838.177282913,873.085130922,875.893493289,898.478802264,907.643408389,920.498038735,865.703386405,839.886178819,977.751266023,1.98,1.91,1.891,1.809,1.773,1.775,1.857,1.884,1.857,1.85,1.878,1.785
Togo,503.451089461,517.101198660,534.044366810,553.201455548,573.923988739,593.162092105,612.148972404,630.937250334,649.445938995,661.148125889,676.987731497,696.076939318,2.096,2.014,2.023,2.018,1.996,1.964,1.998,1.966,1.948,1.945,2.095,2.192
Trinidad and Tobago,17064.531656735,16234.981232499,16683.355378738,16534.268262272,16636.683830792,16895.924301137,16635.540359946,16840.120801185,15696.904219655,15261.872265747,15161.068455580,15105.052331377,2.133,2.057,2.114,2.084,2.135,2.045,2.057,2.072,2.033,2.049,2.018,2.064
Tunisia,3965.648289517,4043.146435199,4141.976353365,4022.237688257,4142.494431378,4220.389835427,4302.486544228,4308.415595998,4310.567450080,4343.439877639,4408.366023488,4405.016912125,1.789,1.787,1.77,1.813,2.035,2.077,2.08,2.002,1.943,2.025,2.051,2.071
Turkey,10691.689431266,10047.203574560,10742.430072676,11763.935164693,12127.586182360,12935.687197317,13345.591095570,13923.682890053,14153.462895697,14975.087280729,15190.099474696,15125.391121215,2.432,2.505,2.487,2.436,2.396,2.526,2.449,2.476,2.534,2.664,2.798,2.898
Turkmenistan,3949.044233216,4129.540232381,4439.200382358,5006.273010392,5462.917289791,5909.663119544,6399.168813395,6693.932001661,6987.068176654,7318.065500547,7647.935803786,,2.221,2.115,2.198,2.152,2.217,2.174,2.11,2.144,2.147,2.22,2.242,2.216
Republic of the Congo,2670.772895621,2885.267088047,3076.561253341,3057.773654188,3275.949354095,3173.410165633,3281.322787175,3097.276124862,2711.898791435,2520.618364046,2303.982601297,2166.094100800,2.217,2.146,2.172,2.139,2.128,2.121,2.219,2.224,2.272,2.338,2.366,2.368
Cyprus,32725.630248326,31216.764546728,31023.638330979,30363.510053982,28873.625833932,27044.309111513,26834.011569903,27897.958170997,29643.838819573,30650.244788011,31506.923522900,32093.026578959,1.752,1.757,1.941,1.929,1.957,1.91,1.974,1.934,1.922,1.91,1.874,1.884
Eswatini,4010.342115683,4044.133012722,4168.505177067,4233.575210231,4431.823746393,4571.012748189,4578.288557442,4640.921784043,4650.138834522,4698.951903877,4761.966626726,4818.192165323,1.997,1.992,2.01,2.081,2.127,2.161,2.165,2.158,2.123,2.058,2.072,2.018
Ethiopia,294.805427785,312.033849444,341.554114905,369.202407829,389.938966722,419.183860252,449.420377149,482.639066336,514.057306752,548.419480506,570.651825161,602.634069309,2.497,2.739,2.516,2.52,2.611,2.489,2.355,2.266,2.222,2.366,2.461,2.473
Guatemala,2909.509714618,2870.311589353,2898.942214704,2965.153206179,2999.422762626,3056.152683607,3137.260291180,3210.869670023,3242.636928935,3286.741282516,3338.547457738,3413.234012994,2.265,2.186,2.232,2.333,2.285,2.273,2.253,2.172,2.218,2.24,2.208,2.216
Guinea,678.952420989,656.159015644,672.424402562,694.603115398,719.709185241,731.493337698,741.049717311,750.403076363,809.957816532,869.018973228,897.116199584,920.878243870,2.311,2.332,2.331,2.362,2.255,2.227,2.257,2.252,2.193,2.064,2.065,2.082
Guinea-Bissau,543.175333139,547.480670279,558.176134508,587.713171898,562.534899998,565.599206379,556.147073076,575.052149927,595.558793944,615.038850552,622.686699692,635.525710129,2.464,2.458,2.447,2.404,2.417,2.37,2.463,2.21,2.21,2.235,2.225,2.174
New Zealand,33941.443845904,33554.762227870,33700.126039246,34233.022006869,34808.341650108,35449.955407108,36130.090504143,36683.091468836,37187.454340192,37570.728482552,38053.748048269,38505.102209649,1.288,1.306,1.314,1.311,1.322,1.333,1.316,1.292,1.267,1.262,1.235,1.231
Nicaragua,1530.549831808,1460.033225503,1503.870423231,1577.475075746,1657.638814036,1716.364956496,1775.013906685,1836.010722153,1895.200158817,1957.844042371,1857.052272613,1763.202623623,1.888,1.878,1.891,1.954,1.999,1.95,1.937,2.007,1.964,1.985,1.938,2.311
Niger,465.003778151,456.406709095,476.869532167,469.553966947,499.238764421,505.626840230,518.587388004,520.756109495,529.643144718,535.174835633,552.321162532,563.149109111,2.133,2.211,2.215,2.163,2.115,2.085,2.045,2.27,2.26,2.422,2.472,2.404
Nigeria,2061.419003199,2168.570721908,2280.437423705,2338.025857635,2372.461879790,2463.890168115,2550.470367938,2549.723196711,2443.440158380,2399.731246342,2383.419810059,2374.369430039,2.495,2.467,2.504,2.503,2.621,2.645,2.773,2.808,2.777,2.761,2.753,2.767
North Macedonia,4418.406698778,4398.889002685,4542.899716783,4645.281601355,4620.098013747,4751.150066437,4919.527828448,5105.402235056,5247.238730016,5300.814935229,5452.019426773,5625.131073157,1.929,1.978,1.94,1.888,1.92,2.004,1.991,1.96,2.038,2.054,1.985,1.861
Norway,90862.399705578,88174.157878365,87693.790065810,87413.176995223,88604.574647784,88444.894982615,89175.499553121,90029.355641665,90195.963678942,91549.037868731,92119.522964297,92556.321644599,1.323,1.348,1.368,1.443,1.532,1.496,1.52,1.44,1.439,1.45,1.459,1.474
Oman,19168.160707956,19454.243263814,18712.576297647,17971.199189933,18213.397953851,17786.661646435,16870.033215867,16658.094647318,16679.064495113,16067.072720544,15796.726446405,15082.016021903,1.718,1.749,1.698,1.876,1.911,1.94,1.98,2.05,2.005,1.969,2.021,1.999
Pakistan,987.845679818,993.382943724,987.409723044,992.878139475,1006.073288656,1028.441086492,1054.227974015,1081.294365995,1117.517554619,1155.363367160,1197.912650618,1185.456770746,2.938,3.141,3.151,3.135,3.141,3.212,3.148,3.118,3.108,3.048,2.996,2.965
Croatia,15201.915788476,14103.402490002,13949.326497498,13969.804890888,13677.420715570,13654.245441536,13663.165448448,14111.251249540,14707.236945633,15396.801079964,15971.147668310,16519.037499712,1.737,1.767,1.699,1.683,1.645,1.611,1.571,1.586,1.588,1.591,1.563,1.568
Dominican Republic,5207.002622947,5191.140356593,5555.389721956,5660.517067079,5745.422744599,5955.175904389,6301.696269943,6661.865042632,7026.178157114,7273.353764921,7697.721922750,8002.441678017,2.005,2.021,2.117,2.137,2.109,2.114,2.122,2.134,2.133,2.119,2.081,2.047
Ecuador,4596.145182304,4547.509300984,4633.590358399,4921.848409120,5122.180090209,5295.682695961,5412.131646019,5330.539154475,5176.058803160,5205.763020169,5180.598997664,5097.068642331,2.269,2.309,2.294,2.219,2.128,2.104,2.072,2.016,1.985,1.924,1.935,1.948
Gabon,8826.626396463,8554.283109763,8849.355299715,9136.614568813,9258.881972662,9418.219737012,9476.599738051,9521.288558578,9429.046318404,9212.319727044,9051.281301444,9177.516602721,2.024,2.036,2.125,2.15,2.109,2.052,1.986,2.012,2.06,2.08,2.149,2.155
Gambia,808.705243614,837.334898259,860.637873688,767.155353643,783.266692811,781.681804778,747.708731950,754.992433680,747.002735090,760.124705651,791.450044695,815.215545193,1.943,1.926,1.949,1.975,2.052,2.07,2.098,2.126,2.073,2.188,1.988,1.901
Georgia,3107.733713703,3020.99872251,3233.295943474,3500.527488526,3751.003471213,3898.554684509,4069.424495138,4185.813870842,4304.896175652,4512.761094683,4734.377393347,4978.795250779,2.695,2.749,3.051,2.636,2.531,2.457,2.171,2.056,2.032,2.004,2.027,2.04
Germany,42101.004035785,39804.572281557,41531.934197869,43969.707450019,44070.908565178,44143.127811153,44930.792130543,45208.062454025,45844.638119729,46862.041973641,47313.845816417,47469.477084306,1.574,1.597,1.62,1.614,1.605,1.533,1.466,1.465,1.459,1.481,1.531,1.553
Ghana,1207.834455509,1234.540272721,1299.344949460,1446.371630707,1543.763984230,1618.597849849,1627.760281434,1625.905825842,1644.598009123,1739.467492042,1808.327220179,1884.284859892,1.727,1.78,1.854,1.837,1.81,1.769,1.775,1.76,1.746,1.755,1.719,1.745
Slovenia,25430.349113922,23299.204584720,23509.543135546,23662.830821164,22989.929713169,22722.437081694,23328.474940211,23826.131504594,24568.636343926,25729.575299585,26760.483514675,27421.028712377,1.381,1.382,1.383,1.378,1.419,1.41,1.404,1.387,1.353,1.346,1.364,1.329
Somalia,,,,,,,,,,,,,3.205,3.297,3.361,3.231,3.301,3.25,3.24,3.198,3.224,3.157,3.173,3.11
South Africa,7432.116611456,7216.679407008,7328.615199671,7454.779368185,7500.232142670,7564.290196406,7582.948136858,7556.788305947,7476.089605220,7475.166701046,7431.956381300,7345.962794270,2.213,2.386,2.368,2.343,2.315,2.346,2.385,2.423,2.293,2.314,2.33,2.405
South Sudan,1508.232641262,1514.033971736,1535.708183968,1416.429433705,742.342448651,820.232981512,831.850462392,730.932042674,,,,,,,,2.417,2.387,2.605,3.127,3.33,3.37,3.349,3.391,3.385
Spain,32072.764593173,30593.609837519,30502.719708078,30146.999240247,29235.828686968,28910.755842697,29398.610306530,30549.791814054,31449.284169363,32308.592013547,32949.078180994,33352.328962609,1.685,1.744,1.752,1.701,1.632,1.623,1.574,1.492,1.506,1.487,1.613,1.682
Sri Lanka,2538.087619237,2609.688011590,2799.648876200,3014.578744505,3286.007594294,3371.183336531,3505.550451886,3647.393421288,3769.159088579,3860.150307706,3946.193743894,4011.681941416,2.535,2.629,2.728,2.614,2.523,2.189,2.149,2.208,2.079,1.944,1.937,1.959
Uzbekistan,1470.595189102,1562.405052781,1634.312095397,1714.890562917,1814.467195839,1921.833304201,2025.353895740,2138.566925359,2229.784045671,2290.381329789,2373.537517948,2459.016239517,2.241,2.207,2.252,2.322,2.344,2.277,2.189,2.197,2.135,2.064,2.086,2.074
Venezuela,14920.447414239,14239.039203014,13825.358088331,14179.192314908,14735.093536491,14721.855954700,14025.357564770,,,,,,2.388,2.441,2.465,2.432,2.372,2.346,2.395,2.512,2.601,2.607,2.643,2.728
Vietnam,1198.417213503,1250.795760576,1317.890706178,1385.890384669,1443.492614889,1505.810948829,1579.189101937,1667.171891046,1752.531946134,1852.963037326,1964.475990886,2082.243694342,1.87,1.886,1.9,1.853,1.87,1.884,1.845,1.936,1.922,1.933,1.934,1.903
Palestine,2346.456871799,2481.016243500,2557.075623567,2732.691355023,2828.618863233,2891.268541682,2819.824535474,2858.529026565,3042.808715670,3025.232758695,2985.759092320,2939.329777393,,,,,,,,,2.874,2.82,2.68,2.642
Yemen,1262.018217830,1274.465882701,1334.784844613,1133.126590968,1128.686272947,1151.420220894,1119.147293767,785.338458415,694.152434251,643.164001955,632.909430330,631.487877350,2.369,2.469,2.575,2.59,2.636,2.646,2.69,2.744,3.093,3.217,3.221,3.275
Zambia,1309.281648678,1390.331446249,1489.459305836,1525.562493538,1591.319557098,1620.120518685,1644.106789564,1641.013358291,1652.602939646,1660.766216067,1678.167258323,1653.829400516,1.9,1.897,1.871,1.746,1.829,1.743,1.826,1.86,1.808,1.808,1.847,1.824
Zimbabwe,725.575973686,803.222028648,948.331854459,1066.426265472,1223.203431666,1225.558111711,1232.864865260,1234.103352231,1224.309922121,1263.321322158,1305.783294538,1183.098822682,2.465,2.799,2.798,2.732,2.489,2.454,2.331,2.177,2.183,2.228,2.276,2.406
Costa Rica,8034.329922499,7854.952374701,8141.913126755,8390.479071096,8689.965167705,8785.741384667,8993.526001840,9219.389700703,9509.738189381,9775.850878315,9936.584527512,10046.940001589,1.67,1.69,1.699,1.826,1.775,1.825,1.8,1.732,1.733,1.726,1.791,1.734
Czech Republic,20614.197685506,19542.469275093,19960.068487216,20269.487431008,20082.251192738,20066.375591731,20498.705749949,21560.826233672,22065.468639532,23144.408723326,23800.974855848,24261.075462482,1.484,1.49,1.458,1.378,1.428,1.418,1.421,1.446,1.37,1.356,1.365,1.352
Equatorial Guinea,20532.952263892,19868.070762337,17288.859599219,17610.306633342,18254.096446175,16764.428711951,16146.072428619,14093.812493387,12358.304036212,11225.372533674,10134.628300673,9237.716186239,1.922,1.85,1.897,1.972,1.946,1.905,1.917,1.893,1.858,1.855,1.901,1.924
Eritrea,488.883713294,498.534349080,501.355633266,537.491368290,,,,,,,,,2.479,2.49,2.475,2.465,2.446,2.388,2.413,2.408,2.457,2.499,2.598,2.573
Estonia,16762.284530599,14370.513701186,14790.820923470,15940.158385187,16497.209125829,16778.900634305,17325.518611728,17633.591741367,18190.421983658,19167.521138441,19932.860746449,20851.177357323,1.671,1.729,1.753,1.743,1.729,1.712,1.611,1.68,1.673,1.662,1.669,1.651
Guyana,4260.195804684,4408.734295538,4580.662462376,4802.078865668,5032.891754307,5190.064547296,5249.279222264,5257.456232822,5429.798843013,5604.564862857,5825.036917699,6107.347419540,2.117,2.159,2.251,2.219,2.053,2.057,2.07,2.115,2.141,2.049,2.06,2.094
Haiti,1182.080525636,1237.276842220,1172.098543321,1225.631076217,1214.303875754,1233.743047731,1257.773795122,1260.600203573,1265.229492307,1277.374404519,1282.238620325,1245.012496250,2.31,2.253,2.205,2.151,2.096,2.043,2.2,2.112,2.089,2.074,2.078,2.081
Honduras,1960.939224666,1873.394108967,1904.346464969,1939.338627030,1982.009737845,2000.792448762,2025.814194789,2067.290033767,2111.193164270,2176.295165127,2219.436468675,2241.238665478,2.305,2.331,2.445,2.355,2.33,2.281,2.264,2.222,2.236,2.189,2.232,2.288
Panama,7814.537244814,7772.388755902,8082.028458663,8841.561277324,9541.060212621,10027.346231021,10357.504182008,10765.910294145,11107.223328179,11530.071258709,11755.114969656,11910.155336782,1.861,1.819,1.939,1.868,1.902,1.898,1.927,1.976,1.86,1.846,1.845,1.821
Papua New Guinea,1736.786307626,1811.130398587,1949.352517070,1928.292677987,1976.098781640,2010.225860627,2237.003857421,2336.805551367,2416.216653047,2452.326777787,2397.659966055,2489.997044111,2.103,2.097,2.077,2.122,2.083,2.075,2.079,2.102,2.102,2.049,2.084,2.053
Paraguay,4037.053136523,3972.630273981,4355.934938677,4479.398934240,4394.543881414,4699.493713912,4861.287098802,4944.191641077,5089.612020087,5272.360811982,5379.581635472,5310.360622716,1.905,1.968,2.038,1.983,2.008,2.113,2.065,2.126,2.069,1.977,2.013,2.07
Peru,4716.197262318,4729.735976516,5082.354756664,5360.226632401,5642.578115155,5919.209568238,5996.496964689,6114.227214288,6262.368904654,6314.291437729,6453.560525086,6486.634618473,2.13,2.098,2.169,2.128,2.151,2.179,2.128,2.102,2.104,2.044,2.029,2.051
Philippines,2105.112944510,2100.656463598,2217.474008572,2264.394087051,2379.668184496,2497.685925164,2612.856880852,2735.187532027,2886.897484655,3042.686779755,3190.778348474,3337.682009596,2.333,2.4,2.413,2.421,2.482,2.421,2.464,2.463,2.457,2.475,2.484,2.478
Poland,11797.641860540,12123.554759187,12613.010995468,13205.989668428,13380.986604961,13539.795605303,14007.728504743,14610.875196715,15076.388838435,15802.704788697,16648.768264583,17409.027434039,1.597,1.61,1.693,1.609,1.592,1.557,1.516,1.526,1.552,1.684,1.727,1.653
Portugal,22859.369322020,22124.580047962,22498.690858656,22149.630798306,21337.286130323,21256.759586128,21540.987962986,22018.009454753,22533.632311851,23380.692696492,24085.415706730,24618.116522353,1.382,1.442,1.482,1.5,1.533,1.538,1.471,1.401,1.3,1.253,1.289,1.241
Qatar,65046.861439942,63218.841198168,67403.160297811,69679.088480285,67651.417251310,67116.209542312,67171.241256916,67443.050663624,67187.806237861,64472.847282525,63932.664769854,63281.674678434,1.589,1.4,1.454,1.478,1.525,1.562,1.528,1.619,1.582,1.529,1.741,1.641
Romania,8918.493731586,8496.918084608,8214.076892898,8411.916546251,8621.872961188,8980.284574332,9339.275428850,9660.429691315,10172.950647232,10981.640360215,11540.623002971,12085.853259398,1.547,1.578,1.652,1.65,1.648,1.635,1.61,1.615,1.627,1.594,1.554,1.562
Russia,11087.821053006,10219.894241201,10674.995782567,11125.344591713,11553.576419646,11731.381780354,11608.758636760,11355.236304967,11356.400042041,11550.525120540,11844.438600320,12011.531800841,2.927,3.033,3.109,3.003,2.992,2.979,3.097,3.127,3.068,3.021,3.029,3.047
Rwanda,563.817053872,583.232783213,610.012400561,642.309381032,680.858326837,695.724514376,720.498362785,764.620566692,789.459895235,799.466868138,845.405796295,901.304358328,1.867,2.002,2.033,2.077,2.087,2.187,2.24,2.179,2.143,2.055,2.119,1.997
Democratic Republic of the Congo,324.040312807,322.418254424,334.021572573,345.266114851,357.598295893,375.219175503,397.341670470,411.020573087,407.289643139,408.924793382,418.988811502,423.640255621,2.931,2.976,3.019,2.965,3.011,2.944,3.096,3.136,3.087,3.034,3.187,3.206
Cuba,5511.046964566,5596.139681460,5730.354774595,5885.254624554,6051.685746144,6203.843262938,6255.426161048,6522.736799042,6550.274372977,6666.331728267,6816.896809044,,2.061,2.056,2.055,2.03,2.071,2.057,2.027,2.032,2.015,2.018,2.001,2.028
Egypt,2498.427992309,2566.886741167,2645.969046519,2636.339378458,2635.997718449,2633.204683116,2649.447691264,2704.919765655,2762.588979897,2818.547370573,2908.583929939,3010.152920024,2.07,1.954,1.934,2.12,2.296,2.423,2.525,2.394,2.406,2.428,2.479,2.365
El Salvador,3009.333657889,2934.151222955,2983.229770977,3083.739498229,3156.624325226,3212.701441688,3252.594494304,3314.700654269,3382.522398379,3441.313278070,3507.060859041,3572.357586243,2.058,2.11,2.137,2.171,2.208,2.146,2.101,2.211,2.179,2.201,2.215,2.179
Greece,29874.743426870,28514.810004464,26917.758954908,24495.711107853,22830.526722668,22251.257305343,22565.680435281,22615.394560753,22666.286196898,23052.986213204,23546.639466172,24022.335315875,1.941,1.947,2.016,2.045,2.099,2.11,2.107,1.963,2.013,1.996,2.013,1.931
Saudi Arabia,19832.654285291,18883.206315517,19262.552518611,20553.908435410,21006.640137602,20929.499985736,21087.357553253,21399.107193150,21270.470891934,20693.944320052,20819.747675011,20542.167061334,2.355,2.282,2.315,2.21,2.262,2.167,2.09,2.099,2.155,2.356,2.397,2.408
Senegal,1278.772899781,1270.564199847,1280.225469722,1263.452411344,1291.622214254,1291.415042302,1338.716747747,1384.519227335,1431.756130823,1495.341888176,1547.094702866,1584.471529110,2.136,2.145,2.228,2.224,2.15,2.144,2.099,2.003,2.026,1.974,1.884,1.887
Serbia,5806.890325247,5670.955191951,5735.422856598,5898.596187875,5886.894617673,6086.726640097,6018.165913914,6157.246684401,6396.220804368,6565.463902578,6898.175015245,7229.937569966,1.973,2.011,2.038,2.015,2.053,2.036,1.952,1.864,1.827,1.814,1.784,1.737
Sierra Leone,386.653814009,390.131035408,401.835001367,417.603168385,470.301404621,555.205562395,567.834267044,441.137664064,457.833091720,466.945069355,472.825438057,488.455873509,1.852,1.856,1.856,1.913,1.934,1.83,1.831,1.836,1.797,1.771,1.749,1.817
Singapore,43216.261173178,41983.069819760,47236.960234542,49194.356757452,50143.778707433,51724.977969999,53068.355221411,54009.738918127,55042.733667612,57378.861965621,59073.487576471,58829.635369588,1.584,1.523,1.49,1.46,1.445,1.462,1.416,1.386,1.385,1.392,1.376,1.347
Slovakia,16772.768705759,15836.607229589,16750.797441608,17205.530680758,17502.064206971,17599.799039138,18047.191052246,18898.176987540,19276.356104919,19832.190224921,20551.10771133,20998.845127780,1.547,1.54,1.558,1.608,1.589,1.608,1.561,1.551,1.602,1.634,1.569,1.558
Myanmar,818.651189440,899.242644244,979.051630005,1025.892297838,1092.056509329,1174.054086998,1257.483615623,1335.203871985,1402.276549639,1482.662663366,1573.147702557,1608.486195213,2.46,2.494,2.408,2.243,2.246,2.234,2.238,2.339,2.187,2.149,2.25,2.374
Namibia,5185.036112217,5106.297617611,5318.006939672,5490.741701146,5668.570050852,5883.040697487,6112.523237309,6274.753114516,6142.673813464,6013.293354942,5942.376908098,5766.000218073,2.067,2.066,2.066,2.012,1.963,1.925,1.895,1.9,1.885,1.849,1.838,1.925
Nepal,547.698793267,567.905933627,592.401097451,612.032557724,642.520463351,670.837826523,711.304347015,731.999335735,729.661430049,779.203968661,817.779994443,859.023683468,2.215,2.159,2.187,2.223,2.126,2.092,2.025,1.929,2.035,2.072,2.08,2.011
Netherlands,52727.519309796,50533.506933642,50950.034343518,51499.595819515,50780.703003622,50565.302081054,51100.839829621,51871.576516466,52727.102492178,53942.085064844,54894.129025219,55450.500417341,1.558,1.58,1.613,1.587,1.555,1.521,1.507,1.487,1.485,1.502,1.484,1.483
Sudan,1435.508538348,1443.091356149,1401.477474168,1591.568253533,1745.101674740,1778.609825808,1782.741739126,1825.721558985,1866.221703754,1900.092770968,1812.121454480,1724.085269213,3.048,3.043,3.112,3.162,3.18,3.174,3.182,3.191,3.12,3.085,3.047,2.864
Sweden,53059.453925369,50326.222051178,52869.044289159,54147.940396601,53432.644845322,53611.101791160,54492.599118888,56339.994297291,56788.54307759,57467.249970971,57911.228984807,58050.019253231,1.43,1.429,1.436,1.437,1.427,1.416,1.389,1.388,1.423,1.496,1.476,1.504
Switzerland,75793.633164729,73189.192641088,74605.721081975,75029.757894007,74984.137154846,75499.706823900,76410.856709690,76553.282261223,77026.335609232,77684.048207531,79234.963019864,79402.509209866,1.424,1.458,1.449,1.426,1.401,1.385,1.383,1.365,1.347,1.347,1.379,1.348
Syria,,,,,,,,,,,,,2.025,2.113,2.176,2.22,2.603,3.036,3.402,3.489,3.523,3.539,3.477,3.434
Tajikistan,707.125187559,719.208329539,749.552711016,787.233265702,827.112997957,867.937242162,904.475010024,935.999825133,976.135175280,1024.858953747,1073.021834821,1121.130230022,2.219,2.222,2.188,2.215,2.205,2.284,2.3,2.169,2.19,2.146,2.157,2.133
Uganda,773.548338873,800.402650785,819.007315886,867.858448063,872.941491424,875.473280907,889.841661952,903.847231512,913.091583299,912.986563214,933.843780480,962.535212928,2.527,2.408,2.283,2.256,2.28,2.23,2.237,2.189,2.083,2.12,2.157,2.188
Ukraine,3322.005127281,2844.321233721,2965.139715206,3138.465136823,3153.735453700,3160.080517624,3123.900089359,2828.885069242,2903.795409282,2988.504214639,3106.039036187,3224.935165228,2.097,2.202,2.259,2.2,2.135,2.26,2.492,2.824,3.146,3.106,2.97,2.865
United Arab Emirates,42456.795885441,36024.058229467,33893.303514039,34634.862142989,35416.891784495,36978.833041036,38495.046352345,40247.747140869,41045.111116721,41460.283446250,41327.382762528,41420.483031838,1.709,1.656,1.64,1.616,1.665,1.626,1.66,1.728,1.731,1.822,1.742,1.766
United Kingdom,41024.811075244,38986.144519723,39435.839901851,39731.489297671,40039.700249207,40623.359688260,41376.754257299,42017.141082063,42499.776437919,43010.706345555,43324.049777642,43710.451449677,1.814,1.779,1.797,1.799,1.781,1.8,1.802,1.772,1.729,1.724,1.757,1.717
United States of America,49319.478864661,47648.813248224,48467.515776926,48866.053276376,49603.253472250,50171.237131263,51065.682692324,52168.126236380,52643.917842140,53552.485014377,54832.978233255,55753.144368589,2.201,2.282,2.263,2.214,2.201,2.172,2.15,2.143,2.092,2.201,2.235,2.308
Uruguay,10732.011276611,11155.845247394,11992.016626633,12574.903569954,12981.140112835,13541.207109277,13934.576170547,13938.790068923,14124.143857616,14437.384691269,14617.464002064,14597.308097288,1.715,1.734,1.743,1.686,1.741,1.701,1.718,1.744,1.702,1.689,1.733,1.7
Indonesia,2885.309274849,2979.004713900,3122.362815216,3270.619489853,3421.273520448,3563.299863943,3692.973446160,3824.274885236,3968.055911177,4120.521878840,4284.685825255,4450.724500139,1.812,1.78,1.758,1.765,1.722,1.729,1.756,1.751,1.743,1.775,1.751,1.725
Iran,6316.371625369,6309.641608548,6599.660937910,6695.082283312,6122.432089813,6035.282200985,6232.935417579,6070.187283724,6790.639005933,6948.704924584,6440.065392434,5922.527587287,2.527,2.399,2.48,2.602,2.577,2.561,2.523,2.524,2.377,2.336,2.415,2.508
Iraq,4434.484695017,4491.394070139,4655.424994679,4846.510809828,5320.264901819,5505.849209031,5342.202816077,5295.993180963,5928.585962268,5635.659165515,5475.465963759,5589.021582239,3.583,3.535,3.495,3.265,3.111,3.105,3.098,3.335,3.428,3.439,3.358,3.289
Ireland,51202.359493536,48110.551761066,48715.176913480,48669.78591271,48573.377435508,48971.369795053,52774.501382157,65432.734720018,67077.743887590,71755.967389650,76662.674589847,79823.014217591,1.372,1.479,1.455,1.494,1.433,1.435,1.416,1.406,1.397,1.406,1.387,1.383
Israel,30039.837040582,29601.425050261,30693.593064654,31572.903425747,31695.006422944,32399.465158827,32977.960837722,33071.412098688,33720.764484324,34243.012576719,34749.678189830,35276.193470087,2.925,2.922,2.939,2.911,2.828,2.779,2.695,2.691,2.773,2.792,2.741,2.746
Italy,37653.748001456,35503.151027927,36000.520117925,36192.866375101,35019.471888086,33978.551774946,33666.691910616,33961.436190223,34459.205715224,35086.478301961,35485.106280257,35677.380538965,1.64,1.715,1.731,1.758,1.762,1.746,1.673,1.669,1.667,1.677,1.702,1.678
Jamaica,5041.741154053,4799.014355440,4704.054454682,4759.256959899,4703.086405880,4699.266324310,4704.725954682,4722.046521381,4761.940167188,4785.653547005,4855.262070818,4866.987349571,2.051,2.055,2.075,2.152,2.197,2.151,2.114,2.069,2.045,2.022,2.026,1.971
Japan,45165.787918754,42724.760369975,44507.676385917,44538.726190678,45276.874335398,46249.209588663,46484.155266913,47102.580878150,47403.046911693,48510.609408778,48766.133662922,49187.833089564,1.382,1.389,1.382,1.385,1.398,1.353,1.367,1.357,1.403,1.415,1.417,1.398
Jordan,3851.360021597,3847.223557615,3736.646493859,3637.743536119,3529.128314677,3438.675873372,3395.773102554,3350.393490060,3315.281238370,3305.668165534,3309.752158830,3325.807809703,1.938,1.884,1.891,1.86,1.913,1.919,1.878,1.972,1.969,1.983,2.048,1.939
Kazakhstan,8641.670034253,8573.708293937,9070.488252857,9603.244075386,9923.421617440,10368.498690840,10646.034464870,10617.474655049,10582.700871846,10867.738737784,11165.573071542,11518.518124836,2.035,2.084,2.117,2.078,2.085,1.99,2.038,2.009,1.986,1.949,1.949,1.92
Kenya,897.601930611,902.124545868,951.687961117,982.980837582,1000.829216794,1032.277326842,1060.095015975,1093.134170261,1129.713195969,1156.425296888,1201.466358237,1237.497499097,2.41,2.507,2.534,2.53,2.457,2.49,2.451,2.412,2.415,2.406,2.351,2.323
North Korea,,,,,,,,,,,,,2.925,2.93,2.979,3.044,2.927,2.941,2.951,2.959,2.928,2.951,2.933,2.904
South Korea,21664.606416493,21724.242357668,23087.225643848,23754.772455274,24197.941370467,24850.354399340,25485.584006510,26063.706487050,26725.501716458,27492.576254672,28157.734446698,28675.034407346,1.829,1.85,1.876,1.955,1.865,1.838,1.849,1.838,1.823,1.832,1.858,1.852
Kuwait,47900.442198311,41907.010754604,38577.498278821,39940.041983687,40287.304218864,38698.894490110,37158.649734631,35969.349310518,35886.993882383,33359.427780449,33112.190731908,32702.201030290,1.628,1.637,1.585,1.559,1.672,1.632,1.622,1.681,1.729,1.855,1.851,1.751
Kyrgyz Republic,880.278819131,894.817956478,880.037775119,921.177038531,905.165668042,984.239033611,1003.510404110,1021.160791405,1043.951111434,1072.493694413,1090.867753968,1116.478930184,2.355,2.349,2.345,2.348,2.526,2.487,2.371,2.29,2.25,2.218,2.177,2.109
Laos,1010.390665418,1068.168510754,1140.599204787,1213.184693109,1290.837748197,1373.814437502,1456.467655279,1538.851169131,1621.738558335,1706.793232652,1785.576798019,1840.504352794,1.955,1.949,1.786,1.808,1.829,1.812,1.78,1.781,1.828,1.784,1.792,1.783
Latvia,13379.983144708,11663.013579039,11383.522413472,12342.601875267,13027.970711154,13472.464585957,13745.953519916,14414.253770574,14891.766768326,15512.725267220,16263.22626834,16713.079073774,1.621,1.719,1.716,1.731,1.726,1.668,1.629,1.682,1.634,1.628,1.638,1.674
Lebanon,6778.852152701,7397.509860833,7761.646190572,7453.823475017,7179.116970063,6978.952586260,6753.607115837,6487.899081675,6411.986543374,6370.889081983,6214.358049554,5792.255330239,2.758,2.71,2.692,2.696,2.503,2.513,2.661,2.676,2.696,2.751,2.733,2.815
Lesotho,1108.880879952,1131.060874409,1137.275700356,1193.271740746,1266.659748216,1310.892121505,1338.851746385,1363.931402544,1421.736107928,1391.936528144,1374.645865131,1352.575617998,1.933,1.94,1.936,1.966,1.912,1.921,1.902,1.952,1.991,2.098,2.174,2.198
Liberia,495.679015084,501.615734791,513.445698620,538.116235001,564.520844222,597.381389680,586.229360784,571.453129532,548.268143608,548.010538342,541.271324140,516.255990913,2.015,2.03,2.05,2.041,1.99,1.933,1.88,1.93,1.975,2.039,1.915,1.86
Libya,11844.925240082,11607.198278856,12064.780692422,4539.002521388,10066.579028316,8649.898409611,6530.856714677,5899.899646856,5669.733945861,7085.812149348,8038.575411505,8122.170489021,2.108,2.083,2.049,2.7,2.515,2.542,2.471,2.9,3.088,3.239,3.196,3.197
Lithuania,13414.011821412,11551.106944359,11990.663017763,13005.206093182,13687.459524615,14317.538144307,14951.960809443,15398.861905438,15988.613872892,16908.126500597,17742.263233320,18561.142561764,1.7,1.69,1.716,1.823,1.81,1.763,1.712,1.709,1.718,1.721,1.722,1.689
Madagascar,516.709644632,482.338427117,471.959197030,466.349175297,467.435789904,465.388777361,468.113034575,469.942367090,475.745493540,481.383147878,490.097332876,500.401970796,1.731,1.999,2.022,2.247,2.265,2.132,2.044,1.978,1.899,1.937,1.882,1.896
Malawi,437.895476145,460.924682722,478.668589705,487.730681851,482.923781208,493.818369483,507.537974994,507.548405016,506.249661337,512.645612271,515.106449634,523.603451590,1.872,1.871,1.871,1.743,1.837,1.851,1.803,1.75,1.848,1.855,1.842,1.805
Malaysia,8850.009221439,8559.234499844,9040.566251172,9372.007538256,9743.104796712,10061.715436602,10524.070738317,10912.153081969,11244.000457495,11736.848530683,12131.493162921,12486.678800784,1.669,1.698,1.667,1.6,1.667,1.635,1.629,1.675,1.72,1.706,1.676,1.577
Mali,686.172723661,696.078053573,710.274202176,711.112812277,684.646661820,680.333785639,707.695626730,729.633626101,749.693237304,766.142358239,778.727885829,791.646128747,2.265,2.292,2.329,2.332,2.359,2.412,2.535,2.605,2.562,2.645,2.636,2.674
Mauritania,1662.439158287,1616.415387445,1610.923908476,1629.435089126,1652.714170144,1671.292192516,1692.460946584,1732.587316451,1705.033923663,1715.610752288,1703.861014918,1756.118515126,2.315,2.461,2.32,2.373,2.332,2.254,2.311,2.283,2.252,2.333,2.319,2.29
Mauritius,7456.369245724,7683.124924696,8000.376431822,8313.271253931,8580.085649248,8848.887032008,9163.633472774,9476.665389032,9833.613131919,10199.479360743,10577.175729858,10892.540175002,1.643,1.663,1.657,1.662,1.644,1.565,1.56,1.564,1.583,1.564,1.567,1.591
Mexico,9587.636339330,8947.741473873,9271.398233246,9477.887185090,9690.869064532,9693.722968945,9843.398439342,10042.138956647,10183.033074905,10277.883517351,10385.832656879,10267.500171933,2.268,2.358,2.347,2.409,2.511,2.494,2.469,2.414,2.431,2.534,2.538,2.514
Moldova,2415.742967119,2273.666662870,2437.529978424,2580.841309585,2565.957672793,2798.769175556,2940.489002277,2953.722656053,3119.562979702,3321.622080176,3524.554340663,3712.385159946,1.983,1.965,2.017,2.012,1.99,1.965,1.954,1.947,1.973,1.964,1.952,1.919
Mongolia,2601.200515957,2527.958361098,2643.292914168,3043.861825889,3353.093606701,3669.524012584,3880.351387528,3895.413362221,3866.243973263,3997.485873638,4210.858213653,4352.641590923,2.084,2.096,2.094,1.892,1.933,1.947,1.801,1.784,1.851,1.824,1.839,1.838
Montenegro,6938.332853222,6522.242650238,6688.318598412,6896.997014042,6703.493640822,6934.627850930,7051.476845903,7286.459694134,7499.624398382,7852.460120359,8253.137100087,8591.204643918,2.123,2.075,2.047,2.068,2.001,1.825,1.853,1.858,1.789,1.865,1.815,1.877
Morocco,2691.267811703,2771.046754509,2839.925168059,2948.845489768,2995.452357387,3087.123496506,3125.079480726,3222.054178367,3212.815395311,3305.419219767,3361.223788921,3396.059363463,1.999,2,2.019,2.014,2.071,2.061,2.076,2.073,2.058,1.979,1.965,2.03
Mozambique,440.239682811,455.418294680,471.904202966,493.160911755,514.592541836,535.394297525,559.136675632,580.050085766,585.181634969,589.719074456,592.511396032,588.677129562,1.868,1.869,1.881,1.955,1.905,1.933,2.012,2.016,2.006,2.066,2.097,2.147
Colombia,6126.926503321,6128.195588706,6336.709473985,6711.668051875,6911.761190857,7201.006086652,7449.325237194,7580.275712594,7633.389843230,7620.916171872,7694.427333025,7838.209714104,2.812,2.75,2.832,2.739,2.675,2.627,2.677,2.713,2.685,2.72,2.692,2.641
